referencia,fecha_liquidacion,monto,estado
PX-10299,2026-05-15,187365.80,OK
PX-11052,2026-05-09,168788.09,OK
PX-11112,2026-04-05,"158154,12",FALLIDA
PX-10239,2026-06-23,"53748,58",FALLIDA
PX-10337,2026-04-19,67111.08,FALLIDA
PX-10532,2026-06-03,13979.89,OK
PX-10039,2026-05-28,191570.51,OK
PX-10740,2026-06-22,211810.24,OK
PX-10531,2026-06-04,69468.43,FALLIDA
PX-10297,2026-05-29,68857.39,OK
PX-10000,2026-05-11,221228.45,OK
PX-10929,2026-06-24,240717.73,OK
PX-10648,2026-06-11,157666.57,FALLIDA
PX-11017,2026-04-19,111128.02,OK
PX-10883,2026-04-28,194988.88,OK
PX-10294,2026-04-18,"67720,29",OK
PX-10863,2026-06-29,102891.51,OK
PX-10900,2026-05-21,13762.69,OK
PX-10443,2026-04-09,216138.43,FALLIDA
PX-11097,2026-04-17,217703.73,OK
PX-10829,2026-05-17,"44927,91",OK
PX-10099,2026-04-07,26348.34,OK
PX-10791,2026-06-26,"119477,04",OK
PX-10495,2026-04-23,171534.42,OK
PX-10527,2026-04-06,30626.00,OK
PX-10830,2026-06-25,87422.23,FALLIDA
PX-10717,2026-05-31,159931.32,OK
PX-10271,2026-04-08,243507.98,OK
PX-10964,2026-04-30,231466.38,FALLIDA
PX-11123,2026-06-09,"18065,48",FALLIDA
PX-10398,2026-05-04,"67717,35",OK
PX-10809,2026-04-20,70644.14,OK
PX-10639,2026-06-20,"184401,04",OK
PX-10612,2026-04-18,78773.59,OK
PX-10905,2026-04-09,35887.50,OK
PX-10124,2026-06-10,"28241,12",OK
PX-11110,2026-05-22,62819.81,OK
PX-10431,2026-04-03,2138.92,OK
PX-10826,2026-04-21,"61330,31",OK
PX-11140,2026-04-09,236864.11,OK
PX-10311,2026-05-09,34772.63,OK
PX-10169,2026-05-22,100507.90,FALLIDA
PX-10312,2026-04-19,194845.82,OK
PX-11024,2026-06-20,237441.45,OK
PX-10895,2026-05-12,66321.10,OK
PX-10598,2026-06-12,91386.53,OK
PX-10889,2026-05-11,74961.73,OK
PX-10637,2026-06-23,210601.38,OK
PX-10383,2026-06-01,63817.52,OK
PX-10914,2026-04-07,196423.19,FALLIDA
PX-10594,2026-06-08,"74681,41",OK
PX-10350,2026-05-26,6426.36,OK
PX-10506,2026-06-05,105543.52,OK
PX-10783,2026-05-27,130905.23,OK
PX-10466,2026-04-08,213530.41,OK
PX-10794,2026-05-25,"76644,26",FALLIDA
PX-10415,2026-04-08,"136026,39",FALLIDA
PX-10412,2026-05-29,47353.47,OK
PX-10043,2026-06-08,122313.25,OK
PX-10898,2026-06-22,186383.99,FALLIDA
PX-10130,2026-04-26,129088.21,OK
PX-10579,2026-04-18,139504.46,OK
PX-10982,2026-04-28,139655.42,OK
PX-10525,2026-06-23,61049.30,OK
PX-10734,2026-04-16,81180.27,OK
PX-10966,2026-06-13,225030.68,OK
PX-10164,2026-06-07,25499.39,OK
PX-10181,2026-06-04,"144579,97",OK
PX-10251,2026-05-18,"183367,49",FALLIDA
PX-10739,2026-05-27,69892.55,OK
PX-10250,2026-04-18,238177.54,OK
PX-10572,2026-06-01,35183.99,FALLIDA
PX-10179,2026-04-17,189166.76,OK
PX-10205,2026-05-19,21880.68,OK
PX-10449,2026-06-14,215715.62,OK
PX-10044,2026-06-12,34357.02,OK
PX-10814,2026-05-14,133622.61,OK
PX-10104,2026-06-24,103838.84,OK
PX-11065,2026-06-06,141103.09,OK
PX-10508,2026-06-19,32141.92,FALLIDA
PX-10981,2026-06-24,61855.48,FALLIDA
PX-10491,2026-06-17,"101718,65",OK
PX-10997,2026-04-11,131089.71,OK
PX-11075,2026-04-10,21304.86,OK
PX-10856,2026-05-28,"46327,53",FALLIDA
PX-10968,2026-04-17,226112.97,OK
PX-10954,2026-05-03,31514.45,OK
PX-10003,2026-05-04,"217694,38",OK
PX-10704,2026-06-05,181960.99,OK
PX-10054,2026-06-16,74413.49,OK
PX-10876,2026-04-20,224693.81,OK
PX-11062,2026-05-20,"220897,58",OK
PX-10237,2026-04-07,4562.20,OK
PX-11114,2026-05-04,160752.03,OK
PX-10650,2026-05-27,61706.36,OK
PX-99008,2026-05-09,86550.17,OK
PX-10597,2026-06-05,220283.69,OK
PX-10100,2026-06-18,152444.23,OK
PX-10721,2026-06-07,115321.04,OK
PX-10267,2026-05-16,70323.71,OK
PX-99012,2026-05-13,36207.38,OK
PX-10910,2026-05-13,77676.16,OK
PX-10822,2026-05-23,"156675,85",OK
PX-10240,2026-04-02,247044.65,OK
PX-10774,2026-05-07,175426.61,OK
PX-10016,2026-04-24,101242.00,OK
PX-10150,2026-05-12,190898.78,OK
PX-10498,2026-04-01,27869.73,OK
PX-10400,2026-06-27,201119.85,FALLIDA
PX-10360,2026-05-13,141605.23,OK
PX-10684,2026-05-20,31628.58,OK
PX-10293,2026-04-03,78081.85,FALLIDA
PX-10180,2026-04-05,60546.24,OK
PX-10118,2026-05-28,241416.36,FALLIDA
PX-10566,2026-06-21,104580.61,OK
PX-10554,2026-06-08,"40733,05",FALLIDA
PX-10244,2026-04-25,196058.50,OK
PX-11003,2026-04-18,2950.39,OK
PX-10961,2026-04-28,164436.30,OK
PX-10261,2026-04-14,101924.88,FALLIDA
PX-10382,2026-06-08,247953.77,OK
PX-10140,2026-06-29,127434.56,OK
PX-10014,2026-04-22,231666.26,OK
PX-10259,2026-05-26,65617.24,OK
PX-10514,2026-06-23,"200677,93",FALLIDA
PX-10175,2026-06-02,202268.68,OK
PX-10823,2026-04-23,180789.25,FALLIDA
PX-10799,2026-05-08,54757.07,FALLIDA
PX-10015,2026-06-11,47879.52,OK
PX-10841,2026-04-26,67657.42,OK
PX-10278,2026-05-04,87945.05,OK
PX-10715,2026-05-10,85285.65,OK
PX-10662,2026-05-29,173770.44,OK
PX-10681,2026-04-28,11848.44,OK
PX-10070,2026-05-24,205227.09,OK
PX-11138,2026-05-02,245262.25,OK
PX-10816,2026-06-07,"149988,84",OK
PX-10959,2026-05-27,51408.46,OK
PX-10631,2026-06-27,132056.04,OK
PX-10884,2026-04-28,224736.61,OK
PX-11011,2026-06-11,171499.21,OK
PX-10049,2026-04-24,85414.55,OK
PX-11030,2026-04-21,221705.51,FALLIDA
PX-10646,2026-06-04,107939.81,OK
PX-10191,2026-05-31,78574.04,FALLIDA
PX-10731,2026-04-26,50396.44,OK
PX-10347,2026-05-07,"128820,11",OK
PX-10901,2026-05-25,44572.95,OK
PX-10653,2026-04-22,165213.95,FALLIDA
PX-10601,2026-05-11,225193.43,OK
PX-10162,2026-05-08,86917.70,OK
PX-10163,2026-06-08,34749.60,OK
PX-11104,2026-04-21,"101211,75",OK
PX-10090,2026-06-18,54708.79,OK
PX-10348,2026-04-25,42265.00,OK
PX-10063,2026-05-12,57616.64,FALLIDA
PX-10458,2026-05-30,"172643,26",OK
PX-10764,2026-05-22,"87409,32",FALLIDA
PX-10475,2026-05-07,"75420,85",OK
PX-10305,2026-05-22,"180360,16",FALLIDA
PX-10025,2026-06-25,40219.86,OK
PX-10943,2026-04-08,"11408,00",OK
PX-10837,2026-06-27,229827.98,OK
PX-10762,2026-05-18,"128971,04",OK
PX-10226,2026-05-10,127950.80,OK
PX-10557,2026-06-25,85001.77,OK
PX-10520,2026-04-23,135387.72,OK
PX-10589,2026-06-02,"165189,61",OK
PX-10978,2026-06-03,248272.77,OK
PX-10352,2026-04-03,"160534,98",OK
PX-10280,2026-06-16,"108115,17",OK
PX-10912,2026-06-27,76259.58,OK
PX-10451,2026-04-19,219992.91,OK
PX-10747,2026-05-13,39103.75,OK
PX-10296,2026-05-22,"43847,47",OK
PX-10695,2026-05-30,"85234,31",OK
PX-10877,2026-04-17,"238330,73",OK
PX-10824,2026-04-20,92475.68,OK
PX-10203,2026-04-11,24872.60,OK
PX-11057,2026-06-19,150092.26,FALLIDA
PX-10176,2026-06-11,"180958,38",OK
PX-11066,2026-06-21,168483.04,FALLIDA
PX-10538,2026-05-31,184176.63,OK
PX-10201,2026-05-11,188187.49,OK
PX-10526,2026-04-09,81396.62,OK
PX-10135,2026-06-12,237231.47,OK
PX-10358,2026-04-07,73017.84,OK
PX-10327,2026-06-26,"244484,94",OK
PX-10556,2026-06-08,101438.30,OK
PX-10716,2026-06-12,245052.94,OK
PX-11047,2026-05-09,173717.16,OK
PX-10171,2026-05-04,16000.02,OK
PX-10401,2026-04-20,105669.41,FALLIDA
PX-10860,2026-04-15,247065.53,FALLIDA
PX-10779,2026-04-13,249988.57,OK
PX-10565,2026-06-14,56517.80,OK
PX-10413,2026-04-14,181913.21,OK
PX-10561,2026-06-11,"185511,16",OK
PX-10338,2026-04-08,188521.69,OK
PX-11119,2026-05-24,"180526,14",OK
PX-10435,2026-04-08,104422.17,FALLIDA
PX-10541,2026-05-29,244116.98,OK
PX-10008,2026-04-08,214979.03,OK
PX-10292,2026-04-05,172783.18,OK
PX-10647,2026-05-14,224131.27,FALLIDA
PX-11000,2026-06-01,230346.98,OK
PX-10543,2026-05-08,197029.12,FALLIDA
PX-11082,2026-05-05,233615.33,OK
PX-10132,2026-05-27,173171.09,OK
PX-10530,2026-05-15,48379.76,FALLIDA
PX-10613,2026-04-17,113146.73,OK
PX-10975,2026-04-13,7323.86,FALLIDA
PX-10776,2026-04-16,242459.38,OK
PX-10012,2026-05-30,111061.12,OK
PX-10903,2026-06-03,87234.46,OK
PX-11037,2026-04-02,171731.51,OK
PX-10934,2026-04-04,"94718,42",OK
PX-10303,2026-06-16,120706.24,OK
PX-10584,2026-06-20,207662.96,OK
PX-10301,2026-06-22,212970.75,OK
PX-10750,2026-05-03,"158927,45",OK
PX-10152,2026-05-17,13263.84,OK
PX-10744,2026-04-11,117943.01,OK
PX-10300,2026-06-13,169584.96,OK
PX-10515,2026-05-01,130228.10,FALLIDA
PX-10881,2026-06-20,239545.31,OK
PX-10687,2026-05-06,247991.86,OK
PX-10882,2026-06-07,45386.11,OK
PX-10641,2026-04-09,222340.58,OK
PX-10976,2026-04-01,92700.37,FALLIDA
PX-11099,2026-06-15,41139.31,FALLIDA
PX-10128,2026-04-18,203470.46,OK
PX-10445,2026-06-11,230618.89,OK
PX-10564,2026-05-30,50214.76,OK
PX-10857,2026-04-22,119137.09,OK
PX-10456,2026-06-17,98840.60,OK
PX-10808,2026-05-25,120308.16,OK
PX-10029,2026-05-15,151749.11,OK
PX-10089,2026-06-25,"147041,42",FALLIDA
PX-10867,2026-05-19,237662.60,OK
PX-10088,2026-04-18,"29472,06",OK
PX-10728,2026-04-22,73889.09,OK
PX-99004,2026-05-05,60440.98,OK
PX-11141,2026-04-18,77801.41,OK
PX-10519,2026-05-13,"44893,41",FALLIDA
PX-10995,2026-04-14,99638.48,OK
PX-10105,2026-04-01,191158.14,OK
PX-10092,2026-06-07,"112344,67",OK
PX-10782,2026-05-25,"12018,48",FALLIDA
PX-11132,2026-05-11,189262.84,FALLIDA
,2026-05-11,2000.00,OK
PX-10909,2026-05-03,"75632,94",OK
PX-10219,2026-05-04,"111721,75",OK
PX-10225,2026-04-23,"229711,30",OK
PX-10279,2026-06-23,18890.49,OK
PX-10006,2026-06-28,248789.76,OK
PX-11010,2026-06-07,238862.35,OK
PX-11091,2026-06-07,4542.22,OK
PX-10374,2026-06-19,181184.61,OK
PX-10765,2026-05-28,"61217,32",FALLIDA
PX-10778,2026-04-16,"6245,18",OK
PX-10697,2026-04-17,105541.25,OK
PX-10192,2026-05-04,74150.48,OK
PX-10087,2026-05-12,159033.28,OK
PX-10116,2026-06-07,"149512,99",OK
PX-11098,2026-05-19,95413.93,OK
PX-10084,2026-06-09,207702.92,FALLIDA
PX-10603,2026-06-07,59900.18,FALLIDA
PX-10177,2026-04-05,"191574,01",OK
PX-10187,2026-04-25,"218468,30",OK
PX-10021,2026-05-09,"66484,25",OK
PX-10285,2026-04-24,47052.44,OK
PX-10928,2026-05-25,30471.56,OK
PX-11077,2026-04-23,237883.21,FALLIDA
PX-10849,2026-04-17,93733.93,OK
PX-10377,2026-04-17,"224293,75",OK
PX-10232,2026-06-12,81251.58,OK
PX-11109,2026-04-26,"201459,15",OK
PX-10127,2026-04-03,60660.92,OK
PX-10231,2026-06-15,41912.41,OK
PX-10005,2026-04-17,66631.63,OK
PX-10032,2026-04-17,169490.83,OK
PX-10573,2026-04-23,55978.28,OK
PX-10542,2026-05-18,215165.47,FALLIDA
PX-10095,2026-06-19,95535.65,OK
PX-10036,2026-05-29,"179727,31",OK
PX-10394,2026-05-02,19469.19,OK
PX-10494,2026-04-23,29023.55,OK
PX-10751,2026-05-02,157922.70,OK
PX-10410,2026-06-16,"47548,46",OK
PX-10334,2026-06-20,171809.52,OK
PX-10920,2026-05-02,155411.99,FALLIDA
PX-10921,2026-04-17,"201966,52",OK
PX-10535,2026-05-12,217536.63,OK
PX-11025,2026-04-12,54954.59,FALLIDA
PX-10022,2026-06-17,172030.53,OK
PX-10560,2026-05-17,92722.68,OK
PX-10028,2026-05-13,45052.67,OK
PX-10864,2026-04-15,44635.34,OK
PX-10518,2026-05-25,"64705,48",OK
PX-10723,2026-06-19,"227752,86",OK
PX-10214,2026-06-02,94325.80,OK
PX-10298,2026-06-27,"148713,88",FALLIDA
PX-10341,2026-05-08,47150.66,OK
PX-10075,2026-04-30,190212.24,OK
PX-10339,2026-06-11,59780.07,OK
PX-11131,2026-04-12,79475.27,FALLIDA
PX-11044,2026-06-19,10639.92,OK
PX-10887,2026-05-30,9733.54,OK
PX-10644,2026-04-12,50271.31,OK
PX-10974,2026-04-29,"247206,99",FALLIDA
PX-10288,2026-04-25,"247075,84",FALLIDA
PX-10440,2026-04-07,"217253,71",OK
PX-10217,2026-06-09,27787.67,FALLIDA
PX-10194,2026-06-22,236324.43,OK
PX-10102,2026-06-21,94360.50,OK
PX-11058,2026-06-10,114713.34,OK
PX-10072,2026-04-25,"58673,83",OK
PX-10939,2026-04-05,221935.90,OK
PX-10234,2026-05-02,190487.66,OK
PX-10241,2026-06-22,"152774,65",OK
PX-10424,2026-05-20,191550.66,OK
PX-99000,2026-05-01,31701.90,OK
PX-10324,2026-06-25,"37711,55",OK
PX-10804,2026-05-26,28111.08,OK
PX-10999,2026-05-05,136624.39,OK
PX-10038,2026-06-18,207727.01,FALLIDA
PX-10418,2026-04-02,172257.43,OK
PX-10406,2026-06-23,"184529,51",OK
PX-10074,2026-05-11,218159.56,OK
PX-10546,2026-06-14,"80455,72",OK
PX-10432,2026-05-06,24024.64,OK
PX-10682,2026-05-14,68616.78,OK
PX-11124,2026-06-25,"105707,69",FALLIDA
PX-10255,2026-06-09,6465.61,OK
PX-10944,2026-04-17,164319.28,FALLIDA
PX-10507,2026-06-28,15723.73,OK
PX-10141,2026-05-10,131661.07,OK
PX-10551,2026-04-09,208819.41,OK
PX-10960,2026-04-14,"127943,64",OK
PX-10698,2026-04-08,"128524,87",OK
PX-10004,2026-05-18,149936.67,OK
PX-10123,2026-05-31,112426.07,OK
PX-10602,2026-05-21,28427.12,FALLIDA
PX-10290,2026-04-14,216935.08,FALLIDA
PX-11002,2026-05-26,"130858,79",OK
PX-10550,2026-04-03,118739.28,OK
PX-10619,2026-04-17,35878.04,OK
PX-10139,2026-05-11,"137624,29",OK
PX-10850,2026-04-06,175086.45,OK
PX-10611,2026-06-10,190612.87,OK
PX-10381,2026-05-19,102506.85,OK
PX-10489,2026-04-30,228258.97,OK
PX-10614,2026-04-29,226757.77,OK
PX-10184,2026-05-11,"75322,18",OK
PX-10661,2026-06-21,183063.38,OK
PX-10576,2026-04-13,147106.96,OK
PX-10930,2026-05-16,87534.10,OK
PX-10407,2026-06-07,227276.33,OK
PX-10803,2026-05-17,27619.40,OK
PX-10749,2026-06-15,248121.88,FALLIDA
PX-10640,2026-05-22,58360.49,OK
PX-11128,2026-05-24,87152.46,FALLIDA
PX-11108,2026-05-03,239247.89,OK
PX-10109,2026-05-14,19556.65,OK
PX-10678,2026-04-30,61955.87,OK
PX-10875,2026-06-09,231682.50,OK
PX-10216,2026-06-28,168407.92,OK
PX-10309,2026-05-10,"93234,77",OK
PX-11129,2026-04-05,"167432,56",OK
PX-10314,2026-04-17,"101146,67",OK
PX-10553,2026-04-30,37510.41,FALLIDA
PX-10885,2026-04-28,143700.13,OK
PX-11038,2026-04-07,151107.19,OK
PX-10460,2026-04-26,173083.50,OK
PX-10457,2026-04-05,206839.02,FALLIDA
PX-10781,2026-06-28,200227.99,OK
PX-10436,2026-06-17,"14004,92",OK
PX-10282,2026-05-09,"143156,57",OK
PX-11001,2026-04-22,35396.41,OK
PX-10673,2026-04-03,6502.21,OK
PX-10548,2026-05-08,47494.22,OK
PX-10615,2026-04-07,"37738,17",OK
PX-10450,2026-05-26,79715.30,FALLIDA
PX-10476,2026-05-23,"141453,19",OK
PX-10933,2026-04-09,"9835,86",OK
PX-99005,2026-05-06,27408.81,OK
PX-11126,2026-06-02,151853.64,OK
PX-10452,2026-05-06,33320.70,FALLIDA
PX-10815,2026-05-03,"112396,31",FALLIDA
PX-10113,2026-04-11,62312.06,OK
PX-10376,2026-06-17,219499.28,OK
PX-10328,2026-06-19,120741.45,OK
PX-10224,2026-06-13,91765.36,OK
PX-10061,2026-04-10,148963.49,FALLIDA
PX-11107,2026-04-15,34034.15,OK
PX-10926,2026-04-19,128122.99,OK
PX-10295,2026-05-23,205343.84,OK
PX-10502,2026-06-05,96486.32,OK
PX-10753,2026-04-12,99717.91,FALLIDA
PX-10313,2026-04-08,190417.72,OK
PX-10393,2026-06-26,103400.28,OK
PX-10623,2026-04-06,114711.05,OK
PX-10738,2026-04-30,77557.73,OK
PX-10470,2026-05-23,153207.41,OK
PX-10209,2026-05-20,143204.13,OK
PX-11093,2026-06-27,"113096,50",OK
PX-10256,2026-05-13,212326.99,OK
PX-10153,2026-06-04,206415.17,OK
PX-10771,2026-04-29,79323.59,OK
PX-10188,2026-04-28,76145.41,OK
PX-10319,2026-06-19,163565.12,FALLIDA
PX-10854,2026-05-19,197495.00,OK
PX-10066,2026-05-13,165814.59,OK
PX-10390,2026-05-21,184362.92,OK
PX-10266,2026-04-06,205510.51,OK
PX-10333,2026-04-18,210847.07,OK
PX-10496,2026-06-24,221871.75,OK
PX-10117,2026-04-22,"91392,70",FALLIDA
PX-10724,2026-05-23,188971.52,OK
PX-11080,2026-05-11,231924.10,OK
PX-10081,2026-04-07,194047.37,OK
PX-10586,2026-04-26,126446.29,OK
PX-10080,2026-06-13,244497.15,OK
PX-10608,2026-05-09,74707.01,OK
PX-10604,2026-05-20,54893.09,OK
PX-10932,2026-04-06,"58310,23",OK
PX-10923,2026-06-19,508.91,OK
PX-10590,2026-05-12,32485.42,OK
PX-10094,2026-05-25,18835.93,OK
PX-10148,2026-06-09,61597.04,OK
PX-10996,2026-05-10,24299.56,FALLIDA
PX-10713,2026-06-06,180766.33,OK
PX-10913,2026-04-28,"13771,72",OK
PX-10977,2026-06-06,229539.80,FALLIDA
PX-10059,2026-05-04,43866.48,OK
PX-11071,2026-04-30,99923.56,OK
PX-10302,2026-06-19,128122.67,OK
PX-10461,2026-04-21,192180.95,OK
PX-10702,2026-05-27,11454.25,OK
PX-10668,2026-06-25,"225110,98",OK
PX-10126,2026-05-01,890.30,OK
PX-10223,2026-04-30,160299.48,OK
PX-99002,2026-05-03,20424.58,OK
PX-10517,2026-06-12,63707.27,FALLIDA
PX-10993,2026-06-15,196300.55,OK
PX-10155,2026-04-05,130073.51,FALLIDA
PX-10485,2026-06-25,"68772,40",FALLIDA
PX-10971,2026-04-24,38500.47,OK
PX-10161,2026-04-27,120210.95,FALLIDA
PX-10399,2026-04-27,91586.96,OK
PX-10103,2026-06-12,39317.19,OK
PX-10886,2026-04-26,124913.42,OK
PX-10719,2026-04-27,40115.92,OK
PX-10951,2026-06-10,214699.27,OK
PX-10408,2026-05-17,3133.68,OK
PX-11084,2026-06-24,6407.91,OK
PX-10002,2026-05-19,242784.06,OK
PX-10679,2026-05-28,"195828,96",OK
PX-10111,2026-04-10,"116256,29",OK
PX-10918,2026-04-13,"126201,89",OK
PX-10133,2026-05-25,136595.86,OK
PX-10802,2026-05-23,"39329,78",OK
PX-10322,2026-04-15,194600.75,FALLIDA
PX-11033,2026-05-25,87043.36,FALLIDA
PX-11049,2026-06-21,5009.19,OK
PX-10078,2026-04-19,115162.84,FALLIDA
PX-10147,2026-06-22,"191856,27",OK
PX-10144,2026-04-29,211560.46,OK
PX-10257,2026-05-24,"23710,15",FALLIDA
PX-10825,2026-04-23,162067.29,OK
PX-10315,2026-05-18,4970.07,OK
PX-10235,2026-06-20,158590.13,OK
PX-10402,2026-05-16,193798.72,OK
PX-10136,2026-05-17,62778.11,OK
PX-10387,2026-06-18,"236456,11",OK
PX-11040,2026-04-01,49804.46,OK
PX-10819,2026-05-05,"11880,31",OK
PX-10004,2026-05-13,"3.000,50",PENDIENTE
PX-10397,2026-06-06,3449.08,FALLIDA
PX-10595,2026-06-14,17283.81,OK
PX-10165,2026-04-01,163396.75,OK
PX-10569,2026-04-18,90610.28,FALLIDA
PX-10034,2026-04-28,164883.26,OK
PX-10260,2026-05-12,19134.52,OK
PX-10031,2026-06-24,127027.06,OK
PX-10537,2026-05-24,221659.04,OK
PX-10924,2026-04-14,97983.12,OK
PX-10969,2026-05-08,148073.76,FALLIDA
PX-10459,2026-06-04,98570.15,OK
PX-10248,2026-06-08,77887.29,FALLIDA
PX-10607,2026-06-24,63619.23,OK
PX-10125,2026-06-21,209253.59,OK
PX-11048,2026-05-07,5170.38,OK
PX-10587,2026-04-05,96215.65,OK
PX-10318,2026-06-15,177921.97,OK
PX-99011,2026-05-12,13535.75,OK
PX-10018,2026-04-17,79386.21,OK
PX-10592,2026-06-22,217300.52,OK
PX-10160,2026-06-18,139742.62,FALLIDA
PX-10710,2026-04-23,"90093,69",OK
PX-10852,2026-05-26,79662.56,OK
PX-10210,2026-05-05,"108951,73",OK
PX-11117,2026-05-16,"140939,31",OK
PX-10980,2026-06-28,108627.72,OK
PX-10010,2026-05-26,216027.27,OK
PX-10154,2026-05-21,188863.81,OK
PX-11089,2026-06-07,193139.13,FALLIDA
PX-10726,2026-05-22,63026.13,OK
PX-10563,2026-05-13,22567.85,FALLIDA
PX-10842,2026-04-06,2615.44,OK
PX-11133,2026-06-22,99793.82,OK
PX-11121,2026-04-18,51854.86,OK
PX-10053,2026-04-25,48289.47,OK
PX-10989,2026-06-08,236995.51,OK
PX-10425,2026-04-15,11422.43,OK
PX-10017,2026-06-19,233709.21,FALLIDA
PX-10756,2026-06-02,"141989,49",OK
PX-10567,2026-05-06,145475.91,FALLIDA
PX-10894,2026-05-23,130680.04,OK
PX-10701,2026-05-19,91022.88,OK
PX-10559,2026-06-22,195430.20,OK
PX-10493,2026-05-14,196198.84,OK
PX-10906,2026-05-04,148704.29,OK
PX-10083,2026-04-05,22988.28,OK
PX-10500,2026-04-25,"210070,69",FALLIDA
PX-10351,2026-05-03,"227791,15",OK
PX-11027,2026-05-16,188135.27,OK
PX-11088,2026-06-15,109846.17,OK
PX-10523,2026-06-20,221360.93,OK
PX-10893,2026-05-19,146071.57,OK
PX-10233,2026-06-26,"229732,79",FALLIDA
PX-10676,2026-05-04,13443.59,OK
PX-10866,2026-04-14,"26366,99",OK
PX-11073,2026-06-10,183467.64,FALLIDA
PX-99010,2026-05-11,29749.02,OK
PX-10067,2026-05-23,"155847,15",OK
PX-10228,2026-06-19,121409.93,OK
PX-10320,2026-04-16,51770.98,OK
PX-10869,2026-06-16,60836.86,OK
PX-10703,2026-06-26,"84926,63",OK
PX-10055,2026-05-06,174505.64,FALLIDA
PX-10129,2026-06-01,16243.58,OK
PX-11113,2026-04-05,3422.27,FALLIDA
PX-10340,2026-04-07,241475.39,OK
PX-10575,2026-04-05,117536.04,OK
PX-10610,2026-05-13,206188.02,OK
PX-11136,2026-05-08,209563.71,OK
PX-11043,2026-05-09,89632.50,OK
PX-10480,2026-05-09,194558.70,OK
PX-10145,2026-06-20,125892.00,FALLIDA
PX-10156,2026-05-11,148634.30,OK
PX-11074,2026-04-08,116335.69,OK
PX-99009,2026-05-10,77945.66,OK
PX-10268,2026-06-22,"15714,28",OK
PX-11142,2026-04-16,182729.90,OK
PX-11060,2026-05-27,125303.63,OK
PX-10916,2026-05-10,201192.87,OK
PX-10026,2026-04-29,87739.78,FALLIDA
PX-10711,2026-04-11,30087.68,OK
PX-10571,2026-06-10,104627.89,OK
PX-10831,2026-04-10,194557.12,OK
PX-10908,2026-04-19,113427.77,FALLIDA
PX-10836,2026-05-07,151241.31,OK
PX-10110,2026-05-15,59449.08,OK
PX-10972,2026-05-19,"236219,64",OK
PX-10868,2026-05-21,127136.42,OK
PX-10973,2026-04-27,"25316,90",OK
PX-10349,2026-04-27,216305.24,OK
PX-10138,2026-04-26,113284.65,OK
PX-10346,2026-05-02,95652.47,OK
PX-10472,2026-05-16,130166.60,OK
PX-11070,2026-06-01,85920.57,OK
PX-10935,2026-04-12,51283.13,FALLIDA
PX-10994,2026-04-26,94456.89,OK
PX-10269,2026-05-02,247356.20,OK
PX-10013,2026-04-02,41994.62,OK
PX-10768,2026-04-29,28289.94,OK
PX-10558,2026-06-10,154571.74,OK
PX-10035,2026-05-01,"37264,81",FALLIDA
PX-10736,2026-06-16,63359.07,OK
PX-10065,2026-05-26,117767.59,OK
PX-10361,2026-05-11,"69531,62",OK
PX-10536,2026-04-07,"44926,16",OK
PX-10434,2026-05-12,"149010,19",OK
PX-11145,2026-04-23,125070.61,OK
PX-10033,2026-04-01,196546.83,OK
PX-10752,2026-06-17,62229.99,OK
PX-10479,2026-04-05,219323.66,OK
PX-10946,2026-05-05,13972.38,OK
PX-11013,2026-04-13,151890.22,OK
PX-10284,2026-05-31,118000.64,OK
PX-10780,2026-06-02,188500.30,FALLIDA
PX-10215,2026-04-26,"238274,65",OK
PX-10967,2026-06-10,32036.29,OK
PX-10617,2026-06-26,198219.65,FALLIDA
PX-10633,2026-05-03,28926.91,OK
PX-10945,2026-05-16,235386.03,OK
PX-10469,2026-04-09,73561.76,OK
PX-10086,2026-06-11,3972.70,OK
PX-10242,2026-05-20,62322.70,OK
PX-10547,2026-04-09,125611.80,OK
PX-10817,2026-04-08,124008.96,OK
PX-10941,2026-06-01,174012.41,OK
PX-10629,2026-05-26,225981.70,OK
PX-10790,2026-05-07,"224194,28",FALLIDA
PX-10741,2026-05-02,"152211,77",OK
PX-10666,2026-06-13,195446.66,OK
PX-10270,2026-05-15,67973.70,OK
PX-10708,2026-05-03,74114.48,OK
PX-99014,2026-05-15,87603.99,OK
PX-10454,2026-04-05,"237574,41",OK
PX-11016,2026-06-18,224485.25,FALLIDA
PX-10272,2026-04-08,89023.76,OK
PX-11118,2026-04-20,69966.13,FALLIDA
PX-10183,2026-06-20,12197.58,OK
PX-10420,2026-04-18,"176803,18",OK
PX-10696,2026-06-15,148996.19,FALLIDA
PX-11063,2026-05-22,107432.84,OK
PX-10252,2026-05-18,223519.97,OK
PX-10429,2026-06-08,142734.40,OK
PX-10071,2026-06-02,86608.42,OK
PX-11120,2026-05-21,148058.39,OK
PX-10664,2026-05-18,121738.42,OK
PX-10417,2026-04-28,"81466,12",OK
PX-10832,2026-05-20,133352.37,OK
PX-10464,2026-06-09,59850.65,OK
PX-10330,2026-05-29,179306.19,OK
PX-10737,2026-04-09,95901.66,OK
PX-11083,2026-04-08,"243758,95",OK
PX-10953,2026-05-06,84714.32,OK
PX-11125,2026-05-06,105201.52,FALLIDA
PX-10521,2026-06-09,30740.31,FALLIDA
PX-10253,2026-06-10,56516.57,FALLIDA
PX-10438,2026-06-11,140511.32,OK
PX-10356,2026-04-01,76520.44,FALLIDA
PX-10069,2026-04-21,23755.70,FALLIDA
PX-11069,2026-06-04,216419.47,OK
PX-10985,2026-04-29,105188.71,OK
PX-99007,2026-05-08,5377.39,OK
PX-10441,2026-05-10,52647.88,OK
PX-11050,2026-06-17,135593.75,OK
PX-10555,2026-05-04,166555.54,OK
PX-10281,2026-04-13,174450.58,OK
PX-10534,2026-04-10,105057.04,FALLIDA
PX-10797,2026-04-29,128664.28,OK
PX-10433,2026-05-02,"23430,33",FALLIDA
PX-10513,2026-04-07,75691.10,OK
PX-10275,2026-06-02,56197.68,OK
PX-11092,2026-06-08,143694.35,OK
PX-10899,2026-05-31,66761.89,OK
PX-10970,2026-05-16,185304.02,OK
PX-10166,2026-05-08,232149.48,OK
PX-10291,2026-06-02,43463.83,OK
PX-10193,2026-06-03,"64703,03",FALLIDA
PX-11022,2026-04-23,"103788,70",OK
PX-10042,2026-06-29,119506.44,OK
PX-11127,2026-06-15,29809.60,OK
PX-10172,2026-05-10,92202.20,FALLIDA
PX-10009,2026-06-09,61127.81,OK
PX-11137,2026-05-26,80378.60,FALLIDA
PX-10364,2026-06-23,222913.67,FALLIDA
PX-10218,2026-04-06,241719.38,OK
PX-10773,2026-04-03,169635.72,OK
PX-10621,2026-05-11,139140.84,OK
PX-11054,2026-04-21,88330.14,FALLIDA
PX-10482,2026-06-06,115112.42,OK
PX-10685,2026-04-30,123463.05,OK
PX-10243,2026-06-17,212049.08,OK
PX-10343,2026-04-06,193528.41,OK
PX-10890,2026-05-18,12434.64,OK
PX-10706,2026-06-01,145506.08,OK
PX-10979,2026-04-29,127011.51,OK
PX-10265,2026-04-29,93373.82,OK
PX-11015,2026-04-04,176557.07,FALLIDA
PX-10818,2026-06-05,100511.81,OK
PX-10757,2026-05-04,"217156,32",OK
PX-11032,2026-05-26,171336.04,OK
PX-10800,2026-05-30,89258.14,OK
PX-10949,2026-05-27,46514.49,OK
PX-10624,2026-04-12,208820.94,OK
PX-10199,2026-04-05,138399.01,OK
PX-10045,2026-04-03,56443.43,FALLIDA
PX-10725,2026-05-03,7166.11,OK
PX-10693,2026-05-27,16914.67,OK
PX-10735,2026-05-29,162661.28,OK
PX-10283,2026-04-12,50318.86,OK
PX-10076,2026-04-04,73695.26,OK
PX-10119,2026-06-13,194641.95,OK
PX-10722,2026-05-15,98077.05,OK
PX-10700,2026-05-09,113848.37,OK
PX-10583,2026-06-17,37269.84,OK
PX-10195,2026-04-30,55070.56,OK
PX-11021,2026-05-10,186978.40,OK
PX-10041,2026-04-28,135881.48,OK
PX-10001,2026-05-10,,OK
PX-10108,2026-05-08,"43382,36",OK
PX-10051,2026-05-28,"101398,08",OK
PX-11012,2026-05-19,49361.10,OK
PX-10670,2026-06-22,48510.47,OK
PX-10174,2026-04-26,82365.35,OK
PX-10273,2026-05-11,176011.49,OK
PX-10058,2026-05-25,152602.91,FALLIDA
PX-10746,2026-06-10,"116180,98",OK
PX-10663,2026-05-18,"28028,87",OK
PX-11116,2026-06-04,35856.25,OK
PX-10391,2026-06-14,56960.73,OK
PX-10335,2026-06-04,177733.01,OK
PX-10858,2026-06-28,140446.66,OK
PX-10965,2026-04-18,85722.16,OK
PX-10705,2026-06-05,124897.65,OK
PX-10552,2026-06-22,114772.77,FALLIDA
PX-10027,2026-04-25,241738.83,OK
PX-10665,2026-05-10,1020.40,OK
PX-10549,2026-05-07,"28450,13",OK
PX-10659,2026-04-13,20945.82,FALLIDA
PX-10106,2026-04-23,125315.46,OK
PX-10114,2026-05-13,"229228,24",OK
PX-10581,2026-05-31,249681.47,OK
PX-11036,2026-04-21,116498.21,OK
PX-10784,2026-06-17,69710.23,OK
PX-10688,2026-05-29,"213538,02",OK
PX-10522,2026-06-22,241894.48,OK
PX-10712,2026-06-23,"216433,80",FALLIDA
PX-10851,2026-04-21,56151.30,OK
PX-10478,2026-06-20,47251.04,FALLIDA
PX-10962,2026-05-02,"187172,98",OK
PX-11144,2026-06-27,"174255,56",OK
PX-11056,2026-04-23,145249.38,OK
PX-10855,2026-06-27,21356.03,OK
PX-10649,2026-05-27,38996.79,OK
PX-10263,2026-04-28,242115.80,OK
PX-10258,2026-05-18,"126604,23",OK
PX-10197,2026-05-07,201638.84,OK
PX-10024,2026-04-20,"220413,34",OK
PX-10060,2026-05-31,176785.48,OK
PX-10310,2026-06-21,"118318,81",OK
PX-10093,2026-06-18,114781.61,OK
PX-10486,2026-06-09,35818.43,OK
PX-10813,2026-06-17,52903.31,FALLIDA
PX-10528,2026-04-22,33776.03,OK
PX-10821,2026-06-23,81478.19,FALLIDA
PX-10657,2026-04-08,31391.35,FALLIDA
PX-10593,2026-06-13,202177.48,FALLIDA
PX-10699,2026-04-19,"73120,45",OK
PX-10185,2026-05-09,"228740,42",FALLIDA
PX-10378,2026-04-06,234636.19,OK
PX-10497,2026-06-24,97700.67,OK
PX-10998,2026-05-03,208663.69,OK
PX-10865,2026-06-28,175672.11,FALLIDA
PX-10755,2026-05-24,183394.04,OK
PX-10938,2026-06-23,65589.84,OK
PX-10264,2026-04-04,24133.96,OK
PX-10409,2026-05-31,236765.90,OK
PX-11134,2026-05-08,249860.00,OK
PX-10332,2026-05-24,68762.17,FALLIDA
PX-10020,2026-04-21,153113.60,OK
PX-10544,2026-06-05,28186.15,OK
PX-10426,2026-06-02,164651.35,OK
PX-10634,2026-04-06,78829.62,OK
PX-10760,2026-06-02,84469.28,OK
PX-10190,2026-05-07,77451.36,FALLIDA
PX-10874,2026-06-27,158571.17,OK
PX-10326,2026-04-17,"221954,69",OK
PX-10853,2026-04-15,237159.15,OK
PX-10769,2026-06-13,"238540,12",OK
PX-10011,2026-05-22,62539.76,OK
PX-10287,2026-06-13,237339.08,FALLIDA
PX-10345,2026-04-28,"29123,13",OK
PX-10245,2026-05-24,190800.12,OK
PX-10173,2026-06-16,19986.63,OK
PX-10370,2026-06-02,125708.33,OK
PX-10229,2026-06-03,177680.52,OK
PX-10680,2026-06-08,"10927,12",FALLIDA
PX-10952,2026-06-06,"186535,65",OK
PX-10422,2026-06-07,"135630,69",OK
PX-10208,2026-04-14,149432.68,FALLIDA
PX-10789,2026-04-16,147412.35,OK
PX-10618,2026-06-27,184157.97,OK
PX-10730,2026-06-29,97959.29,OK
PX-10247,2026-05-25,69728.20,OK
PX-10840,2026-05-01,16797.13,OK
PX-11139,2026-04-03,224012.49,OK
PX-10414,2026-05-24,"249491,88",OK
PX-11046,2026-05-03,209294.90,OK
PX-10632,2026-06-01,"210463,72",OK
PX-10922,2026-04-29,75572.61,FALLIDA
PX-10336,2026-05-24,"219430,57",OK
PX-10577,2026-05-06,213856.95,OK
PX-10371,2026-05-06,90874.62,OK
PX-10839,2026-06-11,119615.36,OK
PX-10812,2026-05-31,108011.43,OK
PX-10001,2026-06-03,38633.91,FALLIDA
PX-10892,2026-06-28,"28145,50",OK
PX-10373,2026-04-17,157570.34,OK
PX-10672,2026-05-02,21619.65,OK
PX-11101,2026-05-26,162782.94,FALLIDA
PX-10539,2026-05-25,113384.12,OK
PX-10942,2026-04-16,48814.58,OK
PX-10729,2026-06-26,44896.09,FALLIDA
PX-10046,2026-04-10,"25924,38",FALLIDA
PX-11018,2026-06-21,78135.55,OK
PX-10151,2026-06-03,241688.31,OK
PX-10196,2026-06-01,133287.02,OK
PX-10984,2026-04-30,199288.17,OK
PX-10568,2026-06-28,211397.38,OK
PX-10146,2026-06-19,210711.24,OK
PX-10861,2026-06-14,105333.94,OK
PX-10754,2026-04-27,2101.87,OK
PX-10947,2026-04-11,"76582,33",OK
PX-10484,2026-04-03,"80559,65",OK
PX-11086,2026-06-15,"172106,34",OK
PX-10820,2026-04-18,160782.07,OK
PX-10323,2026-05-08,227633.98,OK
PX-10121,2026-04-16,68561.43,OK
PX-10003,2026-05-12,N/A,OK
PX-10047,2026-06-12,165549.57,FALLIDA
PX-10040,2026-05-07,"223310,19",OK
PX-10344,2026-05-24,"87676,04",OK
PX-10131,2026-04-25,216516.67,OK
PX-10189,2026-04-16,174058.76,OK
PX-10143,2026-05-26,207932.01,OK
PX-11008,2026-04-22,23288.90,OK
PX-10455,2026-04-09,172121.74,FALLIDA
PX-10115,2026-06-16,161051.57,OK
PX-11115,2026-04-15,32011.66,OK
PX-10838,2026-05-05,185912.12,OK
PX-10465,2026-06-16,155131.63,OK
PX-10122,2026-04-29,"209874,48",OK
PX-10308,2026-05-04,236757.38,OK
PX-10499,2026-05-21,101805.15,OK
PX-10609,2026-06-22,"216677,92",FALLIDA
PX-99013,2026-05-14,46413.91,OK
PX-10955,2026-05-23,224312.55,FALLIDA
PX-10843,2026-05-11,175812.87,OK
PX-10630,2026-06-18,23690.39,FALLIDA
PX-10761,2026-05-17,243838.61,OK
PX-10758,2026-04-09,"119735,33",OK
PX-10805,2026-04-05,239944.86,OK
PX-10511,2026-05-14,"209484,75",OK
PX-10770,2026-04-25,199480.78,OK
PX-10052,2026-06-07,88276.73,OK
PX-10505,2026-06-21,153453.26,OK
PX-10442,2026-04-06,50573.67,OK
PX-10329,2026-06-18,"126639,11",OK
PX-11103,2026-04-05,216653.09,OK
PX-10389,2026-04-05,243923.65,OK
PX-10777,2026-04-12,69166.40,OK
PX-10545,2026-06-22,"35032,25",OK
PX-10872,2026-04-15,27215.64,FALLIDA
PX-10007,2026-05-02,147283.03,OK
PX-99006,2026-05-07,24549.28,OK
PX-10068,2026-06-10,220271.23,OK
PX-10686,2026-05-21,43034.04,OK
PX-10879,2026-04-14,41830.45,OK
PX-10262,2026-05-30,39825.04,OK
PX-10743,2026-06-10,106846.83,OK
PX-10077,2026-06-27,152568.20,OK
PX-10388,2026-06-24,"196097,88",OK
PX-10427,2026-05-30,205595.61,OK
PX-10200,2026-06-12,171264.97,OK
PX-10600,2026-05-30,"161907,05",OK
PX-10591,2026-05-14,"247990,41",OK
PX-10927,2026-06-25,167091.07,OK
PX-10207,2026-05-27,33560.50,OK
PX-10622,2026-04-20,117826.76,OK
PX-10691,2026-04-29,49620.77,OK
PX-11023,2026-05-04,122726.47,OK
PX-10582,2026-06-03,"189197,58",FALLIDA
PX-10878,2026-06-03,62898.24,FALLIDA
PX-10503,2026-05-01,231677.83,OK
PX-11031,2026-05-21,50501.43,OK
PX-10871,2026-05-04,233776.49,OK
PX-10384,2026-04-18,111925.42,OK
PX-10230,2026-05-28,110047.93,OK
PX-10625,2026-06-14,104396.54,FALLIDA
PX-10987,2026-06-11,103101.66,OK
PX-10474,2026-06-18,"87737,69",OK
PX-10745,2026-06-01,213583.53,FALLIDA
PX-11067,2026-05-08,"7487,17",OK
PX-11122,2026-04-16,193041.18,OK
PX-10396,2026-05-06,99770.93,OK
PX-10254,2026-05-30,82161.58,OK
PX-10473,2026-04-30,29992.68,OK
PX-10321,2026-06-24,104997.03,OK
PX-10828,2026-04-15,"25883,20",OK
PX-10392,2026-05-04,139878.36,OK
PX-10533,2026-05-29,231252.91,OK
PX-10988,2026-05-05,"159248,42",OK
PX-10937,2026-05-27,"142503,53",OK
PX-10660,2026-04-10,"147265,74",OK
PX-11102,2026-06-22,"44750,92",OK
PX-11009,2026-05-12,"128170,46",OK
PX-10488,2026-04-07,176317.06,OK
PX-10950,2026-05-15,230713.32,OK
PX-10718,2026-04-05,"47079,68",FALLIDA
PX-10158,2026-06-28,"66749,84",FALLIDA
PX-10859,2026-06-18,4039.60,FALLIDA
PX-10211,2026-05-02,114736.48,OK
PX-11143,2026-04-24,182302.45,OK
PX-10354,2026-05-19,118759.93,OK
PX-10677,2026-06-04,79924.94,OK
PX-10082,2026-06-19,157247.90,OK
PX-10467,2026-04-07,168186.58,OK
PX-10671,2026-06-06,30510.65,OK
PX-10845,2026-05-30,238228.16,OK
PX-10073,2026-05-19,124084.50,OK
PX-11007,2026-04-20,44992.15,OK
PX-10170,2026-04-01,188562.28,OK
PX-10732,2026-06-27,199332.58,OK
PX-10834,2026-04-19,93235.22,OK
PX-10793,2026-06-26,"46184,58",OK
PX-10509,2026-05-06,185486.58,FALLIDA
PX-10050,2026-06-06,122400.17,OK
PX-10651,2026-04-30,229546.00,FALLIDA
PX-11029,2026-04-06,105536.00,FALLIDA
PX-10023,2026-05-27,28412.53,OK
PX-10437,2026-06-04,"196698,89",OK
PX-10463,2026-04-24,1381.46,OK
PX-99001,2026-05-02,11792.51,OK
PX-10002,no-es-fecha,1500.00,OK
PX-10709,2026-06-19,"108410,16",OK
PX-10483,2026-06-27,116985.54,OK
PX-10846,2026-04-21,112146.31,OK
PX-11034,2026-04-23,125613.25,OK
PX-10907,2026-05-31,142033.05,OK
PX-10636,2026-04-17,204084.07,OK
PX-10462,2026-04-21,105185.63,OK
PX-11130,2026-04-27,185305.84,OK
PX-10652,2026-05-17,179547.62,OK
PX-11026,2026-04-24,93384.55,OK
PX-10811,2026-05-24,"45847,03",OK
PX-10448,2026-05-01,227478.98,OK
PX-10683,2026-04-23,190735.08,OK
PX-10357,2026-06-22,55586.60,OK
PX-10064,2026-06-26,117889.96,FALLIDA
PX-10227,2026-06-02,138950.69,OK
PX-11081,2026-05-21,81757.47,OK
PX-10645,2026-05-09,"249815,68",OK
PX-10512,2026-05-27,144650.47,OK
PX-10167,2026-06-03,68572.85,OK
PX-10137,2026-06-11,176157.43,FALLIDA
PX-11051,2026-05-15,53054.03,OK
PX-10675,2026-04-08,178468.51,OK
PX-10904,2026-04-24,184903.15,OK
PX-10948,2026-04-05,238284.72,OK
PX-11028,2026-05-26,"63517,41",OK
PX-10915,2026-05-05,146513.60,OK
PX-10375,2026-05-19,50985.96,OK
PX-10956,2026-05-06,57241.02,FALLIDA
PX-10792,2026-06-24,13689.72,FALLIDA
PX-10368,2026-05-17,220447.22,OK
PX-10421,2026-04-24,69193.45,FALLIDA
PX-10870,2026-06-13,244350.22,FALLIDA
PX-10643,2026-06-23,200038.89,OK
PX-10325,2026-06-22,238794.74,FALLIDA
PX-11035,2026-06-22,11539.85,OK
PX-10844,2026-06-04,119499.78,OK
PX-10896,2026-06-24,173893.78,OK
PX-10605,2026-05-03,175054.62,OK
PX-10574,2026-04-27,19894.96,OK
PX-10206,2026-05-05,185043.99,OK
PX-10444,2026-05-19,121423.21,OK
PX-10367,2026-06-01,58321.61,OK
PX-10785,2026-06-08,248842.14,OK
PX-10742,2026-04-09,158774.56,OK
PX-10862,2026-04-27,92778.98,OK
PX-11072,2026-06-08,242624.09,OK
PX-10667,2026-06-04,166971.58,FALLIDA
PX-10101,2026-06-29,2023.39,OK
PX-10847,2026-06-03,"233546,96",OK
PX-10897,2026-05-28,47394.39,OK
PX-10992,2026-04-05,163991.35,OK
PX-10727,2026-06-02,178538.59,OK
PX-10366,2026-06-05,141706.14,FALLIDA
PX-11042,2026-05-14,135915.75,OK
PX-11076,2026-06-15,248063.30,OK
PX-10222,2026-06-26,"129240,48",OK
PX-10674,2026-06-09,64260.85,OK
PX-10403,2026-04-21,163426.77,OK
PX-10481,2026-06-04,183244.05,OK
PX-10487,2026-05-10,13156.18,FALLIDA
PX-10221,2026-06-29,11648.42,OK
PX-10848,2026-04-18,91186.29,OK
PX-11085,2026-04-26,214172.66,OK
PX-10419,2026-06-02,201478.58,OK
PX-10359,2026-05-13,25461.24,FALLIDA
PX-10307,2026-06-25,210239.35,OK
PX-10833,2026-05-08,61003.10,OK
PX-10306,2026-05-22,86120.18,OK
PX-10986,2026-05-30,"174393,66",OK
PX-10925,2026-05-01,214898.82,OK
PX-10990,2026-04-03,228101.03,OK
PX-10835,2026-04-24,117811.03,OK
PX-10801,2026-05-15,2711.50,OK
PX-10276,2026-04-05,160091.87,OK
PX-10606,2026-05-06,205430.66,FALLIDA
PX-10157,2026-05-09,83144.28,OK
PX-11053,2026-06-08,24696.47,FALLIDA
PX-10919,2026-05-24,"239394,19",OK
PX-10446,2026-05-03,236062.11,OK
PX-10274,2026-06-03,9971.95,FALLIDA
PX-10524,2026-06-06,185392.35,OK
PX-10880,2026-05-25,"155916,29",OK
PX-10379,2026-06-29,64002.25,FALLIDA
PX-10037,2026-04-01,44383.73,OK
PX-10570,2026-05-12,68229.01,OK
PX-10957,2026-04-15,145182.73,OK
PX-10694,2026-05-22,58661.44,OK
PX-10178,2026-05-28,163556.76,OK
PX-10798,2026-04-15,208015.74,FALLIDA
PX-10428,2026-04-06,19944.88,OK
PX-10806,2026-06-27,125713.72,OK
PX-10529,2026-06-28,"36200,42",OK
PX-10775,2026-05-19,231533.34,FALLIDA
PX-10585,2026-06-26,"190162,78",OK
PX-11078,2026-06-26,28311.78,OK
PX-10616,2026-06-07,206900.73,OK
PX-10471,2026-06-01,"107049,87",OK
PX-99003,2026-05-04,7615.91,OK
PX-10562,2026-05-25,"208960,13",OK
PX-10286,2026-06-13,99003.69,OK
PX-10212,2026-05-19,"203961,13",FALLIDA
PX-11055,2026-06-20,125825.02,OK
PX-10958,2026-05-04,"135340,12",OK
PX-10468,2026-04-23,232904.21,OK
PX-10654,2026-06-24,221502.82,FALLIDA
PX-10236,2026-06-28,145697.91,OK
PX-10159,2026-04-08,140441.25,OK
PX-10331,2026-06-28,26336.71,OK
PX-10249,2026-04-12,77667.87,OK
PX-10795,2026-04-12,236144.30,OK
PX-10635,2026-05-14,186883.82,FALLIDA
PX-10097,2026-04-09,108253.19,OK
PX-10477,2026-06-27,"17020,15",FALLIDA
PX-10492,2026-05-09,"60024,54",OK
PX-10810,2026-05-14,161146.35,OK
PX-10689,2026-06-27,129555.60,FALLIDA
PX-10540,2026-05-23,60146.07,OK
PX-10404,2026-05-17,103802.77,OK
PX-10580,2026-05-29,56855.42,FALLIDA
PX-10516,2026-06-26,103106.57,OK
PX-10763,2026-04-03,242414.60,OK
PX-10030,2026-04-06,91373.26,OK
PX-10963,2026-05-17,228701.56,OK
PX-10510,2026-05-28,195740.66,OK
PX-10940,2026-04-08,133779.37,OK
PX-10501,2026-04-18,223448.83,FALLIDA
PX-10019,2026-04-13,33547.91,OK
PX-10786,2026-06-22,205481.17,OK
PX-10430,2026-05-12,206625.67,OK
